{"id":8,"name":"notification","mowdule":{"id":2},"ref":null,"attribut":{"1":{"name":"entity","visibility":"","datatype":"string","size":"55","nullable":"not","formtype":"text","$$hashKey":"object:3258"},"2":{"name":"entityid","visibility":"","datatype":"integer","size":"","nullable":"not","formtype":"text","$$hashKey":"object:3286"},"3":{"name":"creationdate","visibility":"","datatype":"datetime","size":"","nullable":"not","formtype":"datepicker","$$hashKey":"object:3316"},"4":{"name":"content","visibility":"","datatype":"string","size":"255","nullable":"default","formtype":"text","$$hashKey":"object:3344"}},"relation":[],"$$hashKey":"object:1361"}