{"id":242,"name":"notificationbroadcasted","attribut":{"4":{"name":"viewedat","nullable":"default","size":"","formtype":"date","defaultvalue":"auto","datatype":"datetime"},"7":{"name":"status","nullable":"not","size":"2","formtype":"radio","enum":{"un":"unviewed","vi":"viewed"},"defaultvalue":"un","datatype":"string"}},"relation":[{"entity":"notification","cardinality":"manyToOne","nullable":"default","ondelete":"cascade","onupdate":"cascade"},{"entity":"user","cardinality":"manyToOne","nullable":"default","ondelete":"cascade","onupdate":"cascade"},{"entity":"dvups_admin","cardinality":"manyToOne","nullable":"default","ondelete":"cascade","onupdate":"cascade"}],"module":{"id":1}}